cod_ibge,ente,populacao,score,classificacao,anos_entregues,eorcam_raw,lliq_raw,rrestos_nproc_pct,n_anos_cronicos,qsiconfi,ccauc,autonomia_media,eorcam_norm,lliq_norm,rproc_norm,autonomia_norm,contrib_eorcam,contrib_lliq,contrib_qsiconfi,contrib_ccauc,contrib_autonomia,contrib_rproc,pen_lliq_parcial,pen_situacional,score_base,score_bruto,dias_atraso,decay_fator,dado_suspeito,dado_suspeito_lliq,dado_defasado,lliq_parcial,autonomia_critica,n_licitacoes,valor_homologado_total,n_dispensa,valor_hom_dispensa,ano_ultima_licitacao,pct_dispensa,alerta_dispensa
2507507,João Pessoa,897633,100.0,🟢 Risco Baixo,6,91.0965,0.340043,2.23,0,1.0,0.0,0.2417253843784814,1.0,1.0,1.0,1.0,20.0,30.0,15.0,20.0,10.0,5.0,0.0,0.0,100.0,100.0,35.0,1.0,False,False,False,False,False,17640.0,114024251477.77,13322.0,101004454320.83,2027.0,0.8858,True
2501104,Areia,23031,96.4,🟢 Risco Baixo,6,99.4185,0.221091,1.14,0,1.0,0.1,0.0491759988921808,1.0,1.0,1.0,0.843,20.0,30.0,15.0,18.0,8.43,5.0,0.0,0.0,96.43,96.43,35.0,1.0,False,False,False,False,True,325.0,3762665.72,128.0,308328.95999999996,2026.0,0.0819,False
2516300,Sumé,17852,95.6,🟢 Risco Baixo,6,102.892,0.337011,0.1,0,1.0,0.1,0.0424661163601213,1.0,1.0,1.0,0.761,20.0,30.0,15.0,18.0,7.61,5.0,0.0,0.0,95.61,95.61,35.0,1.0,False,False,False,False,True,321.0,62040054.52,114.0,3896996.66,2026.0,0.0628,False
2510808,Patos,108104,95.0,🟢 Risco Baixo,6,92.191,0.192757,0.06,2,1.0,0.1,0.1134922488773959,1.0,0.9819,0.5,0.9996,20.0,29.457,15.0,18.0,9.996,2.5,0.0,0.0,94.953,94.953,35.0,1.0,False,False,False,False,False,470.0,161207152.49,141.0,3571009.75,2026.0,0.0222,False
2503209,Cabedelo,70734,95.0,🟢 Risco Baixo,6,101.085,0.723339,0.71,0,1.0,0.25,0.2036259029351659,1.0,1.0,1.0,1.0,20.0,30.0,15.0,15.0,10.0,5.0,0.0,0.0,95.0,95.0,35.0,1.0,False,False,False,False,False,555.0,181695882.1,311.0,14935923.8,2026.0,0.0822,False
2512705,Remígio,18399,95.0,🟢 Risco Baixo,6,99.3355,0.217809,0.04,0,1.0,0.1,0.0387093593065104,1.0,1.0,1.0,0.7038,20.0,30.0,15.0,18.0,7.038,5.0,0.0,0.0,95.038,95.038,35.0,1.0,False,False,False,False,True,90.0,10044132.969999999,0.0,0.0,2026.0,0.0,False
2506301,Guarabira,60057,94.4,🟢 Risco Baixo,6,110.347,0.320385,0.36,0,1.0,0.1,0.0867473496234097,0.8218,1.0,1.0,0.995,16.436,30.0,15.0,18.0,9.95,5.0,0.0,0.0,94.386,94.386,35.0,1.0,False,False,False,False,False,700.0,128544766.28,441.0,41704882.269999996,2026.0,0.3244,True
2504603,Conde,30007,94.0,🟢 Risco Baixo,6,108.015,0.268121,0.03,0,1.0,0.2,0.1267467861389219,0.8995,1.0,1.0,0.9996,17.99,30.0,15.0,16.0,9.996,5.0,0.0,0.0,93.986,93.986,35.0,1.0,False,False,False,False,False,389.0,47112713.53,234.0,46524498.47,2026.0,0.9875,True
2509396,Maturéia,6717,93.7,🟢 Risco Baixo,6,95.842,0.185105,0.01,0,1.0,0.0,0.0287065194302653,1.0,0.9628,1.0,0.478,20.0,28.884,15.0,20.0,4.78,5.0,0.0,0.0,93.664,93.664,35.0,1.0,False,False,False,False,True,145.0,4702857.07,59.0,622041.81,2026.0,0.1323,False
2515104,São Sebastião de Lagoa de Roça,11387,93.3,🟢 Risco Baixo,6,91.2255,0.307647,0.68,0,1.0,0.1,0.0292454124852427,1.0,1.0,1.0,0.532,20.0,30.0,15.0,18.0,5.32,5.0,0.0,0.0,93.32,93.32,35.0,1.0,False,False,False,False,True,89.0,8317344.38,49.0,2171027.06,2026.0,0.261,False
2507309,Jacaraú,14969,92.4,🟢 Risco Baixo,6,93.5695,0.223849,0.54,1,1.0,0.1,0.0311749058571572,1.0,1.0,0.75,0.5692,20.0,30.0,15.0,18.0,5.692,3.75,0.0,0.0,92.442,92.442,35.0,1.0,False,False,False,False,True,159.0,7784922.51,67.0,2431658.34,2026.0,0.3124,True
2512101,Pombal,33866,92.3,🟢 Risco Baixo,6,103.314,0.139269,,0,1.0,0.1,0.0533496561779312,1.0,0.8482,1.0,0.8814,20.0,25.446,15.0,18.0,8.814,5.0,0.0,0.0,92.26,92.26,35.0,1.0,False,False,False,False,True,595.0,205431885.20000002,340.0,171030795.72,2026.0,0.8325,True
2516706,Teixeira,15129,92.0,🟢 Risco Baixo,6,100.753,0.179791,0.0,0,1.0,0.1,0.0304872290637036,1.0,0.9495,1.0,0.556,20.0,28.485,15.0,18.0,5.56,5.0,0.0,0.0,92.045,92.045,35.0,1.0,False,False,False,False,True,347.0,56658161.13,166.0,1734955.43,2026.0,0.0306,False
2502706,Borborema,4185,91.6,🟢 Risco Baixo,6,106.8195,0.242791,0.0,0,1.0,0.0,0.0202236346801157,0.9393,1.0,1.0,0.284,18.786,30.0,15.0,20.0,2.84,5.0,0.0,0.0,91.626,91.626,35.0,1.0,False,False,False,False,True,,,,,,,
2507002,Itaporanga,24766,91.2,🟢 Risco Baixo,6,102.191,0.105927,-0.0,0,1.0,0.0,0.047846501322928,1.0,0.7648,1.0,0.8288,20.0,22.944,15.0,20.0,8.288,5.0,0.0,0.0,91.232,91.232,35.0,1.0,False,False,False,False,True,379.0,46713476.2,214.0,13097786.77,2026.0,0.2804,False
2505600,Diamante,6416,89.5,🟢 Risco Baixo,6,91.0515,0.254723,0.01,3,1.0,0.0,0.0209894255507835,1.0,1.0,0.3,0.2996,20.0,30.0,15.0,20.0,2.996,1.5,0.0,0.0,89.496,89.496,35.0,1.0,False,False,False,False,True,101.0,21778616.310000002,3.0,9459672.4,2026.0,0.4344,True
2501534,Baraúna,5010,89.4,🟢 Risco Baixo,6,100.253,0.143724,0.15,0,1.0,0.0,0.0237325221046553,1.0,0.8593,1.0,0.3593,20.0,25.779,15.0,20.0,3.593,5.0,0.0,0.0,89.372,89.372,35.0,1.0,False,False,False,False,True,44.0,8362992.95,3.0,584477.62,2026.0,0.0699,False
2516508,Taperoá,14358,88.9,🟢 Risco Baixo,6,100.245,0.550039,0.0,1,1.0,0.2,0.0234331917060877,1.0,1.0,0.75,0.4196,20.0,30.0,15.0,16.0,4.196,3.75,0.0,0.0,88.946,88.946,35.0,1.0,False,False,False,False,True,58.0,1914346.98,22.0,1764218.98,2026.0,0.9216,True
2513927,São Bentinho,4490,88.1,🟢 Risco Baixo,6,87.523,0.219205,0.04,1,1.0,0.0,0.0146081225038307,0.8761,1.0,0.75,0.1857,17.522,30.0,15.0,20.0,1.857,3.75,0.0,0.0,88.12899999999999,88.12899999999999,35.0,1.0,False,False,False,False,True,176.0,24741348.96,55.0,3429198.9299999997,2026.0,0.1386,False
2511608,Pilões,6974,87.7,🟢 Risco Baixo,6,102.463,0.187367,0.06,4,1.0,0.0,0.0217591321644212,1.0,0.9684,0.1,0.3158,20.0,29.052,15.0,20.0,3.158,0.5,0.0,0.0,87.71,87.71,35.0,1.0,False,False,False,False,True,1.0,109108.23,1.0,109108.23,2024.0,1.0,True
2506103,Fagundes,11307,87.7,🟢 Risco Baixo,6,108.8785,0.195556,0.0,4,1.0,0.0,0.0282724925681744,0.8707,0.9889,0.1,0.5131,17.414,29.667,15.0,20.0,5.131,0.5,0.0,0.0,87.712,87.712,35.0,1.0,False,False,False,False,True,45.0,9821061.73,0.0,0.0,2026.0,0.0,False
2512507,Queimadas,50698,87.7,🟢 Risco Baixo,6,122.465,0.455043,0.0,0,1.0,0.0,0.0442198229425309,0.5,1.0,1.0,0.7676,10.0,30.0,15.0,20.0,7.676,5.0,0.0,0.0,87.676,87.676,35.0,1.0,False,False,False,False,True,474.0,107677102.08,254.0,31134857.509999998,2026.0,0.2892,False
2502607,Igaracy,5719,87.5,🟢 Risco Baixo,6,85.4175,0.193721,0.38,0,1.0,0.0,0.0185262358512074,0.7709,0.9843,1.0,0.2513,15.418,29.529,15.0,20.0,2.513,5.0,0.0,0.0,87.46000000000001,87.46000000000001,35.0,1.0,False,False,False,False,True,13.0,3078527.34,5.0,934253.58,2025.0,0.3035,True
2511301,Piancó,17088,87.4,🟢 Risco Baixo,6,96.972,0.120401,0.01,0,1.0,0.1,0.029600191717285,1.0,0.801,1.0,0.5389,20.0,24.03,15.0,18.0,5.389,5.0,0.0,0.0,87.419,87.419,35.0,1.0,False,False,False,False,True,140.0,19144511.009999998,5.0,2481478.84,2026.0,0.1296,False
2513406,Santa Luzia,15418,86.8,🟢 Risco Baixo,6,79.498,0.164031,2.39,0,1.0,0.0,0.109993577087527,0.4749,0.9101,1.0,0.9984,9.498,27.303,15.0,20.0,9.984,5.0,0.0,0.0,86.785,86.785,35.0,1.0,False,False,False,False,False,219.0,106111863.98,107.0,19278557.17,2026.0,0.1817,False
2514552,São José de Princesa,3323,86.6,🟢 Risco Baixo,6,91.3105,0.173078,0.0,1,1.0,0.1,0.0147614544437225,1.0,0.9327,0.75,0.188,20.0,27.981,15.0,18.0,1.88,3.75,0.0,0.0,86.61099999999999,86.61099999999999,35.0,1.0,False,False,False,False,True,48.0,816007.78,3.0,181572.78,2026.0,0.2225,False
2500304,Alagoa Grande,26655,86.2,🟢 Risco Baixo,6,112.098,0.189499,0.0,3,1.0,0.0,0.0288932252412081,0.7634,0.9737,0.3,0.5252,15.268,29.211,15.0,20.0,5.252,1.5,0.0,0.0,86.231,86.231,35.0,1.0,False,False,False,False,True,84.0,25406557.88,1.0,69419.7,2026.0,0.0027,False
2505303,Curral Velho,2316,85.7,🟢 Risco Baixo,6,94.5215,0.454604,0.0,3,1.0,0.1,0.0098152708288949,1.0,1.0,0.3,0.1245,20.0,30.0,15.0,18.0,1.245,1.5,0.0,0.0,85.745,85.745,35.0,1.0,False,False,False,False,True,11.0,3019553.96,0.0,0.0,2025.0,0.0,False
2514800,São José dos Cordeiros,3462,85.6,🟢 Risco Baixo,6,94.294,0.105204,1.93,0,1.0,0.1,0.0284549236794034,1.0,0.763,1.0,0.4718,20.0,22.89,15.0,18.0,4.718,5.0,0.0,0.0,85.608,85.608,35.0,1.0,False,False,False,False,True,58.0,12118835.59,10.0,4162022.72,2026.0,0.3434,True
2501203,Areial,7434,85.0,🟢 Risco Baixo,6,92.094,0.112941,0.34,0,1.0,0.2,0.0318269519246202,1.0,0.7824,1.0,0.5547,20.0,23.472,15.0,16.0,5.547,5.0,0.0,0.0,85.019,85.019,35.0,1.0,False,False,False,False,True,57.0,17182718.45,14.0,703780.0,2026.0,0.041,False
2513158,Santa Cecília,8113,84.5,🟢 Risco Baixo,6,115.0385,0.181018,0.02,0,1.0,0.0,0.0191584452359157,0.6654,0.9525,1.0,0.2632,13.308,28.575,15.0,20.0,2.632,5.0,0.0,0.0,84.515,84.515,35.0,1.0,False,False,False,False,True,206.0,12479080.870000001,138.0,5085527.26,2026.0,0.4075,True
2510659,Parari,1745,83.8,🟢 Risco Baixo,6,90.029,0.333563,0.19,1,1.0,0.35,0.0158158772967248,1.0,1.0,0.75,0.2044,20.0,30.0,15.0,13.0,2.044,3.75,0.0,0.0,83.794,83.794,35.0,1.0,False,False,False,False,True,39.0,11460000.36,4.0,224227.7,2026.0,0.0196,False
2514602,São José do Bonfim,3337,83.5,🟢 Risco Baixo,6,78.454,0.200112,0.09,0,1.0,0.0,0.0299324857410889,0.4227,1.0,1.0,0.5082,8.454,30.0,15.0,20.0,5.082,5.0,0.0,0.0,83.536,83.536,35.0,1.0,False,False,False,False,True,78.0,1790029.0999999999,11.0,0.0,2026.0,0.0,False
2509339,Matinhas,4759,83.1,🟢 Risco Baixo,6,101.6795,0.417334,1.5,0,1.0,0.45,0.0163807553480048,1.0,1.0,1.0,0.2136,20.0,30.0,15.0,11.0,2.136,5.0,0.0,0.0,83.136,83.136,35.0,1.0,False,False,False,False,True,16.0,2062232.08,0.0,0.0,2026.0,0.0,False
2512002,Pocinhos,18038,82.9,🟢 Risco Baixo,6,137.049,0.136335,0.31,0,1.0,0.0,0.0432887013545095,0.5,0.8408,1.0,0.7724,10.0,25.224,15.0,20.0,7.724,5.0,0.0,0.0,82.94800000000001,82.94800000000001,35.0,1.0,False,False,False,False,True,215.0,97892698.03999999,0.0,0.0,2026.0,0.0,False
2502508,Boqueirão,18216,82.4,🟢 Risco Baixo,6,98.1845,0.046581,,0,1.0,0.1,0.0323121852103036,1.0,0.6165,1.0,0.5908,20.0,18.495,15.0,18.0,5.908,5.0,0.0,0.0,82.403,82.403,35.0,1.0,False,False,False,False,True,163.0,39374758.11,0.0,0.0,2026.0,0.0,False
2509701,Monteiro,33886,82.3,🟢 Risco Baixo,6,102.322,0.068327,0.05,0,1.0,0.35,0.0593138850291297,1.0,0.6708,1.0,0.922,20.0,20.124,15.0,13.0,9.22,5.0,0.0,0.0,82.344,82.344,35.0,1.0,False,False,False,False,True,238.0,123206500.03,19.0,1241386.95,2026.0,0.0101,False
2504074,Caraúbas,4067,81.7,🟢 Risco Baixo,4,104.2721,0.180316,0.4,0,0.6666666666666666,0.25,0.0219430761182407,1.0,0.9508,1.0,0.3197,20.0,28.524,10.0,15.0,3.197,5.0,0.0,0.0,81.721,81.721,35.0,1.0,False,False,False,False,True,91.0,18189878.65,9.0,142337.1,2026.0,0.0078,False
2506251,Gado Bravo,8398,81.1,🟢 Risco Baixo,6,105.2685,0.069064,0.02,0,1.0,0.1,0.0214723587173511,0.991,0.6727,1.0,0.3097,19.82,20.181,15.0,18.0,3.097,5.0,0.0,0.0,81.098,81.098,35.0,1.0,False,False,False,False,True,95.0,29155680.509999998,0.0,0.0,2026.0,0.0,False
2501351,Assunção,4383,80.3,🟢 Risco Baixo,6,96.168,0.014816,1.14,1,1.0,0.0,0.0313967384715784,1.0,0.537,0.75,0.5442,20.0,16.11,15.0,20.0,5.442,3.75,0.0,0.0,80.30199999999999,80.30199999999999,35.0,1.0,False,False,False,False,True,120.0,5215374.17,42.0,350636.56,2026.0,0.0672,False
2512754,Riachão do Bacamarte,4911,80.0,🟢 Risco Baixo,6,88.558,0.323849,0.01,3,1.0,0.35,0.0151804260954471,0.9279,1.0,0.3,0.1944,18.558,30.0,15.0,13.0,1.944,1.5,0.0,0.0,80.002,80.002,35.0,1.0,False,False,False,False,True,150.0,19233095.2,39.0,244025.31,2026.0,0.0127,False
2503753,Cajazeirinhas,2760,79.9,🟢 Risco Baixo,6,87.61,0.130821,0.03,1,1.0,0.2,0.0198384409286465,0.8805,0.8271,0.75,0.2764,17.61,24.813,15.0,16.0,2.764,3.75,0.0,0.0,79.937,79.937,35.0,1.0,False,False,False,False,True,46.0,4218574.53,1.0,83431.0,2026.0,0.0198,False
2509404,Mogeiro,14435,79.7,🟢 Risco Baixo,6,107.5735,0.052631,0.14,3,1.0,0.0,0.0328741131676928,0.9142,0.6316,0.3,0.6013,18.284,18.948,15.0,20.0,6.013,1.5,0.0,0.0,79.745,79.745,35.0,1.0,False,False,False,False,True,170.0,27319007.65,52.0,639721.49,2026.0,0.0234,False
2513703,Santa Rita,160852,79.2,🟢 Risco Baixo,6,80.5445,0.150688,0.32,3,1.0,0.2,0.072598254557883,0.5272,0.8767,0.3,0.9806,10.544,26.301,15.0,16.0,9.806,1.5,0.0,0.0,79.151,79.151,35.0,1.0,False,False,False,False,True,693.0,80589540.22,485.0,18679643.82,2026.0,0.2318,False
2503704,Cajazeiras,66585,78.9,🟢 Risco Baixo,6,100.408,-0.009602,0.11,3,1.0,0.1,0.1146076197324451,1.0,0.481,0.3,0.9997,20.0,14.43,15.0,18.0,9.997,1.5,0.0,0.0,78.927,78.927,35.0,1.0,False,False,False,False,False,731.0,352934037.15,426.0,21092536.45,2027.0,0.0598,False
2504702,Congo,5124,78.4,🟢 Risco Baixo,4,116.48,0.19884,0.02,0,0.6666666666666666,0.1,0.021683939141904,0.6173,0.9971,1.0,0.3142,12.346,29.913,10.0,18.0,3.142,5.0,0.0,0.0,78.401,78.401,35.0,1.0,False,False,False,False,True,78.0,620856.01,10.0,194517.9,2026.0,0.3133,True
2511004,Pedra Branca,3851,78.3,🟢 Risco Baixo,5,82.9105,0.26696,,0,0.8333333333333334,0.0,0.0203757036316949,0.6455,1.0,,0.2871,12.91,30.0,12.5,20.0,2.871,0.0,0.0,0.0,78.28099999999999,78.28099999999999,35.0,1.0,False,False,False,False,True,8.0,187272.6,0.0,0.0,2025.0,0.0,False
2506608,Ibiara,5713,78.3,🟢 Risco Baixo,6,86.2705,0.138031,0.61,0,1.0,0.35,0.0241077921344743,0.8135,0.8451,1.0,0.3678,16.27,25.353,15.0,13.0,3.678,5.0,0.0,0.0,78.301,78.301,35.0,1.0,False,False,False,False,True,17.0,12498252.93,0.0,0.0,2025.0,0.0,False
2508505,Livramento,7041,78.2,🟢 Risco Baixo,6,82.573,0.091997,0.17,0,1.0,0.0,0.0245237952581769,0.6286,0.73,1.0,0.3774,12.572,21.9,15.0,20.0,3.774,5.0,0.0,0.0,78.246,78.246,35.0,1.0,False,False,False,False,True,45.0,5217440.2,7.0,390912.12,2026.0,0.0749,False
2509305,Mataraca,8650,78.1,🟢 Risco Baixo,6,94.5825,0.222012,0.02,0,1.0,1.0,0.0445576912164312,1.0,1.0,1.0,0.8138,20.0,30.0,15.0,0.0,8.138,5.0,0.0,0.0,78.138,78.138,35.0,1.0,False,False,False,False,True,35.0,9321840.92,0.0,0.0,2025.0,0.0,False
2511905,Pitimbu,17166,76.9,🟢 Risco Baixo,6,87.9565,0.024738,0.36,4,1.0,0.1,0.0504789824355041,0.8978,0.5618,0.1,0.856,17.956,16.854,15.0,18.0,8.56,0.5,0.0,0.0,76.87,76.87,35.0,1.0,False,False,False,False,True,68.0,3322770.16,0.0,0.0,2026.0,0.0,False
2500601,Alhandra,23065,76.8,🟢 Risco Baixo,6,95.681,0.174456,1.7,0,1.0,1.0,0.0520390058555192,1.0,0.9361,1.0,0.8703,20.0,28.083,15.0,0.0,8.703,5.0,0.0,0.0,76.786,76.786,35.0,1.0,False,False,False,False,True,210.0,100839901.72,123.0,25087021.43,2026.0,0.2488,False
2507705,Juazeirinho,17520,76.6,🟢 Risco Baixo,6,89.5175,0.265843,0.03,0,1.0,1.0,0.0387868061830763,0.9759,1.0,1.0,0.705,19.518,30.0,15.0,0.0,7.05,5.0,0.0,0.0,76.568,76.568,35.0,1.0,False,False,False,False,True,197.0,29199006.3,71.0,1516190.32,2026.0,0.0519,False
2502151,Boa Vista,6592,76.3,🟢 Risco Baixo,6,103.392,0.885249,0.74,0,1.0,1.0,0.0351931442231555,1.0,1.0,1.0,0.6345,20.0,30.0,15.0,0.0,6.345,5.0,0.0,0.0,76.345,76.345,35.0,1.0,False,False,False,False,True,120.0,12841738.0,0.0,0.0,2026.0,0.0,False
2511400,Picuí,18862,75.3,🟢 Risco Baixo,6,89.1125,0.270029,0.34,2,1.0,1.0,0.0516830729980723,0.9556,1.0,0.5,0.8672,19.112,30.0,15.0,0.0,8.672,2.5,0.0,0.0,75.28399999999999,75.28399999999999,35.0,1.0,False,False,False,False,True,398.0,60327090.32,158.0,16269237.75,2026.0,0.2697,False
2516904,Uiraúna,15431,86.5,🟡 Risco Médio,6,104.0375,0.110313,2.39,5,1.0,0.0,0.0468828446694528,1.0,0.7758,0.0,0.8179,20.0,23.274,15.0,20.0,8.179,0.0,0.0,0.0,86.453,86.453,35.0,1.0,False,False,False,False,True,293.0,62930084.76,172.0,9787816.0,2026.0,0.1555,False
2509156,Marizópolis,7001,78.2,🟡 Risco Médio,6,92.153,0.586662,0.79,6,1.0,0.5,0.0219454053664016,1.0,1.0,0.0,0.3198,20.0,30.0,15.0,10.0,3.198,0.0,0.0,0.0,78.198,78.198,35.0,1.0,False,False,False,False,True,119.0,7894624.59,13.0,255016.83000000002,2026.0,0.0323,False
2505907,Emas,3036,74.5,🟡 Risco Médio,6,86.14,0.027648,0.04,0,1.0,0.1,0.0223534901742967,0.807,0.5691,1.0,0.3286,16.14,17.073,15.0,18.0,3.286,5.0,0.0,0.0,74.499,74.499,35.0,1.0,False,False,False,False,True,94.0,4249957.7,0.0,0.0,2026.0,0.0,False
2504801,Coremas,14987,74.4,🟡 Risco Médio,6,83.827,0.061125,0.15,0,1.0,0.35,0.0450661081442343,0.6913,0.6528,1.0,0.7959,13.826,19.584,15.0,13.0,7.959,5.0,0.0,0.0,74.369,74.369,35.0,1.0,False,False,False,False,True,93.0,14241188.61,32.0,768339.03,2025.0,0.054,False
2509602,Monte Horebe,4429,73.9,🟡 Risco Médio,6,103.717,-0.021291,1.01,3,1.0,0.1,0.0324185368608798,1.0,0.4583,0.3,0.569,20.0,13.749,15.0,18.0,5.69,1.5,0.0,0.0,73.939,73.939,35.0,1.0,False,False,False,False,True,135.0,38398153.24,68.0,2380852.77,2026.0,0.062,False
2513505,Santana de Mangueira,5090,73.6,🟡 Risco Médio,6,90.8735,0.206289,4.09,0,1.0,1.0,0.0237286269086988,1.0,1.0,1.0,0.3592,20.0,30.0,15.0,0.0,3.592,5.0,0.0,0.0,73.592,73.592,35.0,1.0,False,False,False,False,True,29.0,14520279.39,0.0,0.0,2026.0,0.0,False
2512721,Pedro Régis,5932,73.5,🟡 Risco Médio,6,105.032,0.075985,0.61,5,1.0,0.2,0.0142817046690157,0.9989,0.69,0.0,0.1809,19.978,20.7,15.0,16.0,1.809,0.0,0.0,0.0,73.487,73.487,35.0,1.0,False,False,False,False,True,44.0,4427774.4399999995,1.0,65536.0,2026.0,0.0148,False
2512077,Poço de José de Moura,4126,72.2,🟡 Risco Médio,6,104.3465,0.631507,0.65,2,1.0,1.0,0.0283660483846118,1.0,1.0,0.5,0.4696,20.0,30.0,15.0,0.0,4.696,2.5,0.0,0.0,72.196,72.196,35.0,1.0,False,False,False,False,True,188.0,28400963.04,71.0,3854113.15,2026.0,0.1357,False
2511202,Pedras de Fogo,31356,71.9,🟡 Risco Médio,5,96.4458,0.26988,0.89,3,0.8333333333333334,1.0,0.0447798344959155,1.0,1.0,0.3,0.7922,20.0,30.0,12.5,0.0,7.922,1.5,0.0,0.0,71.922,71.922,35.0,1.0,False,False,False,False,True,118.0,2644841.0,31.0,2644841.0,2026.0,1.0,True
2504033,Capim,7446,71.7,🟡 Risco Médio,6,94.0435,0.278431,0.01,1,1.0,1.0,0.0210021983817298,1.0,1.0,0.75,0.2999,20.0,30.0,15.0,0.0,2.999,3.75,0.0,0.0,71.749,71.749,35.0,1.0,False,False,False,False,True,45.0,17723869.46,0.0,0.0,2026.0,0.0,False
2509503,Montadas,6144,71.4,🟡 Risco Médio,6,106.9805,0.239147,0.0,1,1.0,1.0,0.0253942418727172,0.934,1.0,0.75,0.3978,18.68,30.0,15.0,0.0,3.978,3.75,0.0,0.0,71.408,71.408,35.0,1.0,False,False,False,False,True,35.0,4594222.48,1.0,2400.0,2026.0,0.0005,False
2500403,Alagoa Nova,21823,71.4,🟡 Risco Médio,6,94.9795,0.191516,0.02,3,1.0,1.0,0.030536870316977,1.0,0.9788,0.3,0.5569,20.0,29.364,15.0,0.0,5.569,1.5,0.0,0.0,71.433,71.433,35.0,1.0,False,False,False,False,True,339.0,37129540.21,142.0,24079798.83,2026.0,0.6485,True
2517100,Várzea,2777,71.0,🟡 Risco Médio,6,70.094,0.169413,0.19,0,1.0,0.0,0.0218040146641636,0.0047,0.9235,1.0,0.3168,0.094,27.705,15.0,20.0,3.168,5.0,0.0,0.0,70.967,70.967,35.0,1.0,False,False,False,False,True,154.0,9034343.25,58.0,2350021.24,2026.0,0.2601,False
2502805,Brejo do Cruz,14095,70.9,🟡 Risco Médio,6,108.6395,0.364515,0.1,3,1.0,1.0,0.0371827447292285,0.8787,1.0,0.3,0.6784,17.574,30.0,15.0,0.0,6.784,1.5,0.0,0.0,70.858,70.858,35.0,1.0,False,False,False,False,True,256.0,51673780.57,110.0,7683470.91,2026.0,0.1487,False
2516151,Sossêgo,3476,70.8,🟡 Risco Médio,6,95.638,0.252893,0.3,1,1.0,1.0,0.0159867314233287,1.0,1.0,0.75,0.2071,20.0,30.0,15.0,0.0,2.071,3.75,0.0,0.0,70.821,70.821,35.0,1.0,False,False,False,False,True,119.0,22043990.87,72.0,6421247.11,2026.0,0.2913,False
2505204,Cuitegi,6890,70.6,🟡 Risco Médio,6,91.318,0.493395,0.15,3,1.0,1.0,0.025720001990357,1.0,1.0,0.3,0.4055,20.0,30.0,15.0,0.0,4.055,1.5,0.0,0.0,70.555,70.555,35.0,1.0,False,False,False,False,True,39.0,3073071.0,10.0,118801.39,2025.0,0.0387,False
2516102,Soledade,14409,70.1,🟡 Risco Médio,6,113.1175,0.2143,0.57,1,1.0,1.0,0.0367724065219019,0.7294,1.0,0.75,0.6714,14.588,30.0,15.0,0.0,6.714,3.75,0.0,0.0,70.052,70.052,35.0,1.0,False,False,False,False,True,306.0,22683981.75,179.0,7552410.73,2026.0,0.3329,True
2506707,Imaculada,10497,69.9,🟡 Risco Médio,6,84.467,0.062628,0.28,4,1.0,0.35,0.03981880475017,0.7233,0.6566,0.1,0.7215,14.466,19.698,15.0,13.0,7.215,0.5,0.0,0.0,69.879,69.879,35.0,1.0,False,False,False,False,True,68.0,4807817.6,33.0,3688255.94,2026.0,0.7671,True
2500775,Aparecida,8257,69.7,🟡 Risco Médio,6,108.4565,0.032323,0.5,5,1.0,0.25,0.0280627439635805,0.8848,0.5808,0.0,0.4622,17.696,17.424,15.0,15.0,4.622,0.0,0.0,0.0,69.742,69.742,35.0,1.0,False,False,False,False,True,164.0,52409511.47,80.0,8593447.32,2026.0,0.164,False
2502409,Bonito de Santa Fé,10433,69.5,🟡 Risco Médio,6,85.3215,0.324985,0.19,0,1.0,1.0,0.0232926472582309,0.7661,1.0,1.0,0.4169,15.322,30.0,15.0,0.0,4.169,5.0,0.0,0.0,69.491,69.491,35.0,1.0,False,False,False,False,True,84.0,13451516.31,14.0,577026.16,2026.0,0.0429,False
2505402,Desterro,8314,69.5,🟡 Risco Médio,6,88.486,0.048157,0.17,6,1.0,0.35,0.0272862035133656,0.9243,0.6204,0.0,0.4432,18.486,18.612,15.0,13.0,4.432,0.0,0.0,0.0,69.53,69.53,35.0,1.0,False,False,False,False,True,91.0,17943250.78,17.0,1098758.73,2026.0,0.0612,False
2511806,Pirpirituba,9411,69.3,🟡 Risco Médio,4,103.0216,0.175405,2.19,0,0.6666666666666666,1.0,0.0341586276824674,1.0,0.9385,1.0,0.6105,20.0,28.155,10.0,0.0,6.105,5.0,0.0,0.0,69.26,69.26,35.0,1.0,False,False,False,False,True,,,,,,,
2502300,Bom Sucesso,4720,69.1,🟡 Risco Médio,3,82.0778,0.200012,0.0,1,0.5,0.35,0.0200818079343984,0.6039,1.0,0.75,0.2812,12.078,30.0,7.5,13.0,2.812,3.75,0.0,0.0,69.14,69.14,35.0,1.0,False,False,False,False,True,178.0,17542717.73,91.0,1413930.43,2026.0,0.0806,False
2515609,Serra da Raiz,3156,69.0,🟡 Risco Médio,6,96.2175,0.165614,1.51,0,1.0,1.0,0.012536523608556,1.0,0.914,1.0,0.1568,20.0,27.42,15.0,0.0,1.568,5.0,0.0,0.0,68.988,68.988,35.0,1.0,False,False,False,False,True,2.0,27035.5,2.0,27035.5,2025.0,1.0,True
2515930,Sertãozinho,5332,69.0,🟡 Risco Médio,6,109.9135,0.780286,0.13,0,1.0,1.0,0.017410787258911,0.8362,1.0,1.0,0.2311,16.724,30.0,15.0,0.0,2.311,5.0,0.0,0.0,69.035,69.035,35.0,1.0,False,False,False,False,True,226.0,3362865707.29,83.0,3329494079.41,2026.0,0.9901,True
2500908,Arara,12482,68.8,🟡 Risco Médio,6,108.341,0.23335,3.43,4,1.0,1.0,0.0305723035258156,0.8886,1.0,0.1,0.5576,17.772,30.0,15.0,0.0,5.576,0.5,0.0,0.0,68.848,68.848,35.0,1.0,False,False,False,False,True,246.0,20575938.75,163.0,3319080.62,2026.0,0.1613,False
2503100,Cabaceiras,5537,68.8,🟡 Risco Médio,6,108.6205,0.118543,0.04,0,1.0,1.0,0.039921196944411,0.8793,0.7964,1.0,0.7345,17.586,23.892,15.0,0.0,7.345,5.0,0.0,0.0,68.823,68.823,35.0,1.0,False,False,False,False,True,55.0,14477711.53,1.0,60950.99,2026.0,0.0042,False
2514453,São José dos Ramos,6137,68.8,🟡 Risco Médio,6,90.662,0.354192,1.41,5,1.0,1.0,0.0245944628597869,1.0,1.0,0.0,0.3791,20.0,30.0,15.0,0.0,3.791,0.0,0.0,0.0,68.791,68.791,35.0,1.0,False,False,False,False,True,182.0,12142628.71,58.0,856526.59,2026.0,0.0705,False
2509800,Mulungu,8909,68.7,🟡 Risco Médio,6,94.8715,0.154077,0.5,2,1.0,1.0,0.0283057124971521,1.0,0.8852,0.5,0.4681,20.0,26.556,15.0,0.0,4.681,2.5,0.0,0.0,68.737,68.737,35.0,1.0,False,False,False,False,True,39.0,873004.0,4.0,873004.0,2026.0,1.0,True
2510105,Nova Floresta,9840,68.6,🟡 Risco Médio,6,105.8935,0.111911,0.05,0,1.0,1.0,0.032769906130578,0.9702,0.7798,1.0,0.5775,19.404,23.394,15.0,0.0,5.775,5.0,0.0,0.0,68.57300000000001,68.57300000000001,35.0,1.0,False,False,False,False,True,146.0,4794028.4799999995,48.0,530148.0,2026.0,0.1106,False
2503555,Cacimbas,7513,68.6,🟡 Risco Médio,6,87.4825,0.824913,0.04,1,1.0,1.0,0.0175024854626811,0.8741,1.0,0.75,0.2328,17.482,30.0,15.0,0.0,2.328,3.75,0.0,0.0,68.56,68.56,35.0,1.0,False,False,False,False,True,74.0,4929927.0600000005,2.0,186998.5,2026.0,0.0379,False
2500205,Aguiar,5026,68.4,🟡 Risco Médio,6,103.9755,0.139557,1.23,0,1.0,1.0,0.0205610337959112,1.0,0.8489,1.0,0.2909,20.0,25.467,15.0,0.0,2.909,5.0,0.0,0.0,68.376,68.376,35.0,1.0,False,False,False,False,True,2.0,294435.0,2.0,294435.0,2025.0,1.0,True
2512762,Riachão do Poço,4989,68.3,🟡 Risco Médio,6,102.5955,0.009428,3.81,4,1.0,0.45,0.0339524130450406,1.0,0.5236,0.1,0.6057,20.0,15.708,15.0,11.0,6.057,0.5,0.0,0.0,68.265,68.265,35.0,1.0,False,False,False,False,True,38.0,5253988.28,3.0,0.0,2026.0,0.0,False
2506905,Itabaiana,23558,68.1,🟡 Risco Médio,6,111.3265,0.124966,0.06,0,1.0,1.0,0.0448505417363694,0.7891,0.8124,1.0,0.7931,15.782,24.372,15.0,0.0,7.931,5.0,0.0,0.0,68.085,68.085,35.0,1.0,False,False,False,False,True,305.0,21687545.13,148.0,2434235.69,2026.0,0.1122,False
2501609,Barra de Santa Rosa,13024,68.1,🟡 Risco Médio,6,102.627,0.094029,0.57,0,1.0,1.0,0.0330719099877074,1.0,0.7351,1.0,0.605,20.0,22.053,15.0,0.0,6.05,5.0,0.0,0.0,68.103,68.103,35.0,1.0,False,False,False,False,True,142.0,3627625.24,44.0,1000814.5700000001,2026.0,0.2759,False
2505709,Dona Inês,10638,67.7,🟡 Risco Médio,6,84.2355,0.135489,0.25,0,1.0,1.0,0.047847562285168,0.7118,0.8387,1.0,0.8288,14.236,25.161,15.0,0.0,8.288,5.0,0.0,0.0,67.685,67.685,35.0,1.0,False,False,False,False,True,1535.0,27574549.11,1338.0,23233770.91,2026.0,0.8426,True
2506400,Gurinhém,14141,67.6,🟡 Risco Médio,6,116.61,0.190809,0.01,0,1.0,1.0,0.0332011702802634,0.613,0.977,1.0,0.6074,12.26,29.31,15.0,0.0,6.074,5.0,0.0,0.0,67.644,67.644,35.0,1.0,False,False,False,False,True,47.0,10781549.35,2.0,325402.0,2026.0,0.0302,False
2512747,Riachão,2945,67.5,🟡 Risco Médio,6,87.068,0.13854,0.22,0,1.0,1.0,0.0298000476666323,0.8534,0.8463,1.0,0.5049,17.068,25.389,15.0,0.0,5.049,5.0,0.0,0.0,67.506,67.506,35.0,1.0,False,False,False,False,True,138.0,8593689.67,95.0,8221929.07,2026.0,0.9567,True
2501906,Belém,16710,67.3,🟡 Risco Médio,6,109.756,0.63248,0.96,4,1.0,1.0,0.0274574562305199,0.8415,1.0,0.1,0.4972,16.83,30.0,15.0,0.0,4.972,0.5,0.0,0.0,67.30199999999999,67.30199999999999,35.0,1.0,False,False,False,False,True,277.0,44539555.35,113.0,4466577.2,2026.0,0.1003,False
2504108,Carrapateira,2365,67.3,🟡 Risco Médio,6,101.9525,0.03417,2.0,6,1.0,0.5,0.0284623378716384,1.0,0.5854,0.0,0.472,20.0,17.562,15.0,10.0,4.72,0.0,0.0,0.0,67.282,67.282,35.0,1.0,False,False,False,False,True,82.0,9868928.91,36.0,2471051.9,2026.0,0.2504,False
2516201,Sousa,70066,67.1,🟡 Risco Médio,6,88.9055,-0.203283,0.96,6,1.0,0.1,0.0786012881780188,0.9453,0.1761,0.0,0.989,18.906,5.283,15.0,18.0,9.89,0.0,0.0,0.0,67.07900000000001,67.07900000000001,35.0,1.0,False,False,False,False,True,505.0,60478979.85,217.0,19730158.02,2026.0,0.3262,True
2504207,Catingueira,4556,66.9,🟡 Risco Médio,6,80.0865,0.064881,0.07,4,1.0,0.1,0.0229639967440372,0.5043,0.6622,0.1,0.342,10.086,19.866,15.0,18.0,3.42,0.5,0.0,0.0,66.872,66.872,35.0,1.0,False,False,False,False,True,95.0,8770045.58,5.0,261814.98,2026.0,0.0299,False
2517001,Umbuzeiro,9274,66.9,🟡 Risco Médio,6,106.871,-0.07534,0.46,6,1.0,0.1,0.0268305399862034,0.9376,0.3607,0.0,0.4322,18.752,10.821,15.0,18.0,4.322,0.0,0.0,0.0,66.895,66.895,35.0,1.0,False,False,False,False,True,176.0,17148899.8,100.0,5357859.13,2026.0,0.3124,True
2508703,Mãe d'Água,3599,66.8,🟡 Risco Médio,5,87.905,0.182501,0.65,0,0.8333333333333334,1.0,0.0195718185191198,0.8953,0.9563,1.0,0.2712,17.906,28.689,12.5,0.0,2.712,5.0,0.0,0.0,66.807,66.807,35.0,1.0,False,False,False,False,True,224.0,5873125.78,97.0,2012309.65,2026.0,0.3426,True
2509008,Manaíra,10699,66.8,🟡 Risco Médio,5,105.6225,0.12843,0.0,0,0.8333333333333334,1.0,0.0280209800760065,0.9792,0.8211,1.0,0.5082,19.584,24.633,12.5,0.0,5.082,5.0,0.0,0.0,66.799,66.799,35.0,1.0,False,False,False,False,True,97.0,19109842.87,3.0,357458.43,2026.0,0.0187,False
2516003,Solânea,27748,66.8,🟡 Risco Médio,6,104.2075,0.049559,0.01,0,1.0,1.0,0.045904901933749,1.0,0.6239,1.0,0.8063,20.0,18.717,15.0,0.0,8.063,5.0,0.0,0.0,66.78,66.78,35.0,1.0,False,False,False,False,True,293.0,11944677.73,154.0,1551355.45,2026.0,0.1299,False
2510303,Nova Palmeira,4359,66.4,🟡 Risco Médio,6,131.161,0.340556,0.0,3,1.0,1.0,0.0760899905100146,0.5,1.0,0.3,0.9899,10.0,30.0,15.0,0.0,9.899,1.5,0.0,0.0,66.399,66.399,35.0,1.0,False,False,False,False,True,156.0,9185164.09,63.0,349683.80000000005,2026.0,0.0381,False
2508802,Malta,6288,66.2,🟡 Risco Médio,6,77.7465,0.08733,0.46,0,1.0,0.35,0.0250807547748153,0.3873,0.7183,1.0,0.3904,7.746,21.549,15.0,13.0,3.904,5.0,0.0,0.0,66.199,66.199,35.0,1.0,False,False,False,False,True,99.0,7663788.88,39.0,1771988.76,2026.0,0.2312,False
2511707,Pilõezinhos,5539,66.2,🟡 Risco Médio,6,115.1555,0.229611,0.22,0,1.0,1.0,0.0210203487680671,0.6615,1.0,1.0,0.3003,13.23,30.0,15.0,0.0,3.003,5.0,0.0,0.0,66.233,66.233,35.0,1.0,False,False,False,False,True,151.0,5004167.62,64.0,0.0,2026.0,0.0,False
2515906,Serraria,4754,66.0,🟡 Risco Médio,6,104.0115,0.099417,0.0,1,1.0,1.0,0.0286131643348838,1.0,0.7485,0.75,0.4757,20.0,22.455,15.0,0.0,4.757,3.75,0.0,0.0,65.96199999999999,65.96199999999999,35.0,1.0,False,False,False,False,True,165.0,12212724.87,99.0,6553508.62,2026.0,0.5366,True
2509206,Massaranduba,14756,65.8,🟡 Risco Médio,6,106.3355,0.075485,0.0,0,1.0,1.0,0.0327904292448929,0.9555,0.6887,1.0,0.5997,19.11,20.661,15.0,0.0,5.997,5.0,0.0,0.0,65.768,65.768,35.0,1.0,False,False,False,False,True,186.0,21943354.35,38.0,1930000.0,2026.0,0.088,False
2500502,Alagoinha,14140,65.8,🟡 Risco Médio,6,83.385,0.236819,0.37,1,1.0,1.0,0.0205525917399716,0.6693,1.0,0.75,0.3661,13.386,30.0,15.0,0.0,3.661,3.75,0.0,0.0,65.797,65.797,35.0,1.0,False,False,False,False,True,64.0,4780300.0,0.0,0.0,2026.0,0.0,False
2504405,Conceição,18731,65.3,🟡 Risco Médio,6,100.9985,0.056609,0.46,0,1.0,1.0,0.032917963855012,1.0,0.6415,1.0,0.6021,20.0,19.245,15.0,0.0,6.021,5.0,0.0,0.0,65.266,65.266,35.0,1.0,False,False,False,False,True,124.0,18864567.93,2.0,0.0,2026.0,0.0,False
2509909,Natuba,8935,64.9,🟡 Risco Médio,6,111.0075,0.183955,0.21,4,1.0,1.0,0.0279699607188914,0.7998,0.9599,0.1,0.4599,15.996,28.797,15.0,0.0,4.599,0.5,0.0,0.0,64.892,64.892,35.0,1.0,False,False,False,False,True,164.0,7274079.9799999995,77.0,5114544.59,2026.0,0.7031,True
2512036,Poço Dantas,3934,64.7,🟡 Risco Médio,6,120.126,0.658265,0.33,6,1.0,1.0,0.0667316180224299,0.5,1.0,0.0,0.9749,10.0,30.0,15.0,0.0,9.749,0.0,0.0,0.0,64.749,64.749,35.0,1.0,False,False,False,False,True,49.0,7726978.130000001,3.0,110000.0,2026.0,0.0142,False
2513109,Salgado de São Félix,11741,64.7,🟡 Risco Médio,6,97.823,0.079737,0.83,1,1.0,1.0,0.0273520029175184,1.0,0.6993,0.75,0.4952,20.0,20.979,15.0,0.0,4.952,3.75,0.0,0.0,64.681,64.681,35.0,1.0,False,False,False,False,True,86.0,6069036.529999999,11.0,640019.16,2026.0,0.1055,False
2512903,Rio Tinto,25500,64.5,🟡 Risco Médio,6,96.5565,0.035517,0.04,1,1.0,1.0,0.0460885750649524,1.0,0.5888,0.75,0.8085,20.0,17.664,15.0,0.0,8.085,3.75,0.0,0.0,64.499,64.499,35.0,1.0,False,False,False,False,True,272.0,38155692.5,163.0,22813907.52,2026.0,0.5979,True
2501500,Bananeiras,24134,64.4,🟡 Risco Médio,6,103.43,0.011794,0.04,1,1.0,1.0,0.0747966395346009,1.0,0.5295,0.75,0.9753,20.0,15.885,15.0,0.0,9.753,3.75,0.0,0.0,64.388,64.388,35.0,1.0,False,False,False,False,True,212.0,27228767.66,62.0,1338882.74,2026.0,0.0492,False
2500809,Araçagi,16991,64.2,🟡 Risco Médio,6,102.039,0.06308,0.04,0,1.0,1.0,0.0247854603735505,1.0,0.6577,1.0,0.4454,20.0,19.731,15.0,0.0,4.454,5.0,0.0,0.0,64.185,64.185,35.0,1.0,False,False,False,False,True,81.0,15382561.18,7.0,1896771.46,2026.0,0.1233,False
2505105,Cuité,20208,64.0,🟡 Risco Médio,6,109.995,0.103007,0.56,2,1.0,1.0,0.0389978100351523,0.8335,0.7575,0.5,0.7085,16.67,22.725,15.0,0.0,7.085,2.5,0.0,0.0,63.98,63.98,35.0,1.0,False,False,False,False,True,244.0,55205462.61,135.0,15509813.82,2026.0,0.2809,False
2508554,Logradouro,5107,63.8,🟡 Risco Médio,6,88.4825,0.119993,0.02,1,1.0,1.0,0.0190745596053469,0.9241,0.8,0.75,0.2616,18.482,24.0,15.0,0.0,2.616,3.75,0.0,0.0,63.848,63.848,35.0,1.0,False,False,False,False,True,44.0,554600.0,9.0,0.0,2025.0,0.0,False
2507101,Itapororoca,19165,63.5,🟡 Risco Médio,6,95.427,0.05014,0.4,0,1.0,1.0,0.0263405423717306,1.0,0.6253,1.0,0.4755,20.0,18.759,15.0,0.0,4.755,5.0,0.0,0.0,63.514,63.514,35.0,1.0,False,False,False,False,True,3.0,190075.0,0.0,0.0,2025.0,0.0,False
2516607,Tavares,14473,63.5,🟡 Risco Médio,6,89.3975,0.033697,0.03,0,1.0,1.0,0.0358179907977526,0.9699,0.5842,1.0,0.6548,19.398,17.526,15.0,0.0,6.548,5.0,0.0,0.0,63.472,63.472,35.0,1.0,False,False,False,False,True,91.0,18567312.87,3.0,529994.23,2026.0,0.0285,False
2506004,Esperança,32599,63.4,🟡 Risco Médio,6,103.875,0.00158,1.22,0,1.0,1.0,0.0475838044330383,1.0,0.504,1.0,0.8259,20.0,15.12,15.0,0.0,8.259,5.0,0.0,0.0,63.379,63.379,35.0,1.0,False,False,False,False,True,264.0,54284717.62,126.0,27178470.15,2026.0,0.5007,True
2512606,Quixaba,1803,63.4,🟡 Risco Médio,6,98.1595,0.06896,0.05,0,1.0,1.0,0.0221224592338916,1.0,0.6724,1.0,0.3236,20.0,20.172,15.0,0.0,3.236,5.0,0.0,0.0,63.408,63.408,35.0,1.0,False,False,False,False,True,58.0,7679629.54,0.0,0.0,2026.0,0.0,False
2513901,São Bento,33845,63.4,🟡 Risco Médio,6,119.136,0.180537,0.3,5,1.0,1.0,0.0602373193778315,0.5288,0.9513,0.0,0.9271,10.576,28.539,15.0,0.0,9.271,0.0,0.0,0.0,63.386,63.386,35.0,1.0,False,False,False,False,True,416.0,218399709.08,169.0,39101099.23,2026.0,0.179,False
2504009,Campina Grande,443911,63.3,🟡 Risco Médio,6,95.3005,-0.029935,0.06,0,1.0,1.0,0.1608038654498474,1.0,0.4419,1.0,1.0,20.0,13.257,15.0,0.0,10.0,5.0,0.0,0.0,63.257,63.257,35.0,1.0,False,False,False,False,False,3175.0,1405228972.67,2547.0,459783655.77,2027.0,0.3272,True
2513000,Salgadinho,3435,63.1,🟡 Risco Médio,6,87.7185,0.063661,0.13,0,1.0,1.0,0.0322692095502118,0.8859,0.6592,1.0,0.5654,17.718,19.776,15.0,0.0,5.654,5.0,0.0,0.0,63.148,63.148,35.0,1.0,False,False,False,False,True,73.0,5023154.24,1.0,105118.77,2026.0,0.0209,False
2515807,Serra Redonda,6975,63.1,🟡 Risco Médio,6,107.3405,0.087642,1.03,0,1.0,1.0,0.0212891799273555,0.922,0.7191,1.0,0.3059,18.44,21.573,15.0,0.0,3.059,5.0,0.0,0.0,63.072,63.072,35.0,1.0,False,False,False,False,True,49.0,2864380.7699999996,6.0,0.0,2025.0,0.0,False
2513356,Santa Inês,3256,62.1,🟡 Risco Médio,5,85.945,-0.061295,0.0,1,0.8333333333333334,0.2,0.0178226996233461,0.7972,0.3849,0.75,0.2384,15.944,11.547,12.5,16.0,2.384,3.75,0.0,0.0,62.125,62.125,35.0,1.0,False,False,False,False,True,50.0,6289546.4399999995,10.0,237463.76,2026.0,0.0378,False
2508901,Mamanguape,46966,61.9,🟡 Risco Médio,6,97.5835,0.000591,0.31,1,1.0,1.0,0.0461586589652647,1.0,0.5015,0.75,0.8093,20.0,15.045,15.0,0.0,8.093,3.75,0.0,0.0,61.888000000000005,61.888000000000005,35.0,1.0,False,False,False,False,True,229.0,266454985.4,100.0,220000415.76,2026.0,0.8257,True
2505238,Cuité de Mamanguape,6441,61.8,🟡 Risco Médio,6,95.608,0.064963,0.09,4,1.0,1.0,0.035462444876203,1.0,0.6624,0.1,0.6406,20.0,19.872,15.0,0.0,6.406,0.5,0.0,0.0,61.778,61.778,35.0,1.0,False,False,False,False,True,1.0,214097.25,1.0,214097.25,2025.0,1.0,True
2500577,Algodão de Jandaíra,3143,61.6,🟡 Risco Médio,6,84.5475,0.67453,0.36,6,1.0,1.0,0.0159583608055797,0.7274,1.0,0.0,0.2067,14.548,30.0,15.0,0.0,2.067,0.0,0.0,0.0,61.615,61.615,35.0,1.0,False,False,False,False,True,16.0,497399.97,3.0,85800.0,2026.0,0.1725,False
2505808,Duas Estradas,3360,61.6,🟡 Risco Médio,6,93.8735,0.060446,0.01,1,1.0,1.0,0.0226861323414575,1.0,0.6511,0.75,0.3359,20.0,19.533,15.0,0.0,3.359,3.75,0.0,0.0,61.642,61.642,35.0,1.0,False,False,False,False,True,62.0,1816495.45,1.0,99125.0,2026.0,0.0546,False
2503803,Caldas Brandão,5942,61.5,🟡 Risco Médio,6,81.719,0.431782,0.05,2,1.0,1.0,0.0170876679247527,0.5859,1.0,0.5,0.2255,11.718,30.0,15.0,0.0,2.255,2.5,0.0,0.0,61.473000000000006,61.473000000000006,35.0,1.0,False,False,False,False,True,46.0,6040876.8,3.0,453218.35,2026.0,0.075,False
2513604,Santana dos Garrotes,6618,61.5,🟡 Risco Médio,6,98.8955,0.045928,0.54,0,1.0,1.0,0.0213215467021916,1.0,0.6148,1.0,0.3066,20.0,18.444,15.0,0.0,3.066,5.0,0.0,0.0,61.510000000000005,61.510000000000005,35.0,1.0,False,False,False,False,True,106.0,28854397.96,5.0,17239175.560000002,2026.0,0.5975,True
2512804,Riacho dos Cavalos,8788,61.3,🟡 Risco Médio,6,94.237,0.013263,3.52,0,1.0,1.0,0.0310316492515056,1.0,0.5332,1.0,0.5352,20.0,15.996,15.0,0.0,5.352,5.0,0.0,0.0,61.348,61.348,35.0,1.0,False,False,False,False,True,180.0,13761377.57,93.0,215313.7,2026.0,0.0156,False
2504157,Casserengue,7052,61.1,🟡 Risco Médio,6,105.1935,0.067986,0.01,3,1.0,1.0,0.0281879815254714,0.9936,0.67,0.3,0.4652,19.872,20.1,15.0,0.0,4.652,1.5,0.0,0.0,61.124,61.124,35.0,1.0,False,False,False,False,True,19.0,38512038.88999999,5.0,38166641.29,2025.0,0.991,True
2517209,Vieirópolis,4967,61.0,🟡 Risco Médio,6,77.6045,0.085125,0.0,0,1.0,0.5,0.0158661441187209,0.3802,0.7128,1.0,0.2052,7.604,21.384,15.0,10.0,2.052,5.0,0.0,0.0,61.04,61.04,35.0,1.0,False,False,False,False,True,73.0,17477260.9,29.0,998202.02,2026.0,0.0571,False
2508307,Lagoa Seca,29209,60.9,🟡 Risco Médio,6,111.403,0.023687,0.03,0,1.0,1.0,0.0490127766547763,0.7866,0.5592,1.0,0.8413,15.732,16.776,15.0,0.0,8.413,5.0,0.0,0.0,60.92099999999999,60.92099999999999,35.0,1.0,False,False,False,False,True,343.0,35896794.19,167.0,22797126.38,2026.0,0.6351,True
2512408,Puxinanã,14942,60.9,🟡 Risco Médio,6,113.9815,0.090917,0.07,0,1.0,1.0,0.0280569927398605,0.7006,0.7273,1.0,0.5089,14.012,21.819,15.0,0.0,5.089,5.0,0.0,0.0,60.92,60.92,35.0,1.0,False,False,False,False,True,75.0,22907691.259999998,0.0,0.0,2026.0,0.0,False
2501401,Baía da Traição,9741,60.8,🟡 Risco Médio,6,107.785,0.106337,0.01,5,1.0,1.0,0.0285108310088777,0.9072,0.7658,0.0,0.4732,18.144,22.974,15.0,0.0,4.732,0.0,0.0,0.0,60.85,60.85,35.0,1.0,False,False,False,False,True,102.0,14633839.57,12.0,0.0,2026.0,0.0,False
2500106,Água Branca,9580,60.4,🟡 Risco Médio,6,92.014,0.017075,0.69,0,1.0,1.0,0.0261509484951896,1.0,0.5427,1.0,0.4158,20.0,16.281,15.0,0.0,4.158,5.0,0.0,0.0,60.439,60.439,35.0,1.0,False,False,False,False,True,96.0,4071700.16,22.0,666576.49,2026.0,0.1637,False
2514404,São José de Espinharas,4056,60.4,🟡 Risco Médio,6,76.597,0.202235,0.03,0,1.0,1.0,0.0246021648608491,0.3298,1.0,1.0,0.3792,6.596,30.0,15.0,0.0,3.792,5.0,0.0,0.0,60.388000000000005,60.388000000000005,35.0,1.0,False,False,False,False,True,72.0,2861575.37,0.0,0.0,2026.0,0.0,False
2500536,Alcantil,5806,59.9,🟡 Risco Médio,6,108.3415,0.075167,0.01,2,1.0,1.0,0.0253923161088914,0.8886,0.6879,0.5,0.3977,17.772,20.637,15.0,0.0,3.977,2.5,0.0,0.0,59.886,59.886,35.0,1.0,False,False,False,False,True,298.0,29990481.48,159.0,6951202.5,2026.0,0.2318,False
2516755,Tenório,3082,59.8,🟡 Risco Médio,6,87.51,0.088449,0.15,1,1.0,1.0,0.0147906482048177,0.8755,0.7211,0.75,0.1884,17.51,21.633,15.0,0.0,1.884,3.75,0.0,0.0,59.777,59.777,35.0,1.0,False,False,False,False,True,5.0,851892.77,3.0,153490.67,2026.0,0.1802,False
2504900,Cruz do Espírito Santo,17821,59.6,🟡 Risco Médio,6,103.533,-0.002401,0.02,1,1.0,1.0,0.0328076528281504,1.0,0.4952,0.75,0.6001,20.0,14.856,15.0,0.0,6.001,3.75,0.0,0.0,59.607,59.607,35.0,1.0,False,False,False,False,True,,,,,,,
2506806,Ingá,18234,59.2,🟡 Risco Médio,6,105.2445,0.073157,0.02,5,1.0,1.0,0.0219610373321753,0.9918,0.6829,0.0,0.3919,19.836,20.487,15.0,0.0,3.919,0.0,0.0,0.0,59.24199999999999,59.24199999999999,35.0,1.0,False,False,False,False,True,147.0,24371971.47,51.0,6492616.14,2026.0,0.2664,False
2510204,Nova Olinda,5897,59.2,🟡 Risco Médio,5,99.7055,0.038792,4.28,0,0.8333333333333334,1.0,0.0245040095919953,1.0,0.597,1.0,0.377,20.0,17.91,12.5,0.0,3.77,5.0,0.0,0.0,59.18,59.18,35.0,1.0,False,False,False,False,True,138.0,11063922.14,77.0,3840297.41,2026.0,0.3471,True
2503506,Cacimba de Dentro,16332,59.0,🟡 Risco Médio,6,93.408,0.040725,1.43,5,1.0,1.0,0.0324067030565465,1.0,0.6018,0.0,0.5925,20.0,18.054,15.0,0.0,5.925,0.0,0.0,0.0,58.979,58.979,35.0,1.0,False,False,False,False,True,168.0,10994803.59,89.0,4692902.03,2026.0,0.4268,True
2512788,Riacho de Santo Antônio,2063,58.8,🟡 Risco Médio,6,94.7295,0.083355,0.71,6,1.0,1.0,0.0186551862339888,1.0,0.7084,0.0,0.2537,20.0,21.252,15.0,0.0,2.537,0.0,0.0,0.0,58.789,58.789,35.0,1.0,False,False,False,False,True,115.0,5993324.09,51.0,658844.1799999999,2026.0,0.1099,False
2513653,Joca Claudino,2607,58.8,🟡 Risco Médio,6,85.713,0.122066,0.12,6,1.0,1.0,0.0253071165365084,0.7856,0.8052,0.0,0.3957,15.712,24.156,15.0,0.0,3.957,0.0,0.0,0.0,58.825,58.825,35.0,1.0,False,False,False,False,True,157.0,30558573.95,68.0,3672661.53,2026.0,0.1202,False
2509107,Mari,22170,58.7,🟡 Risco Médio,6,105.354,-0.023305,0.4,1,1.0,1.0,0.0360914990005034,0.9882,0.4545,0.75,0.6596,19.764,13.635,15.0,0.0,6.596,3.75,0.0,0.0,58.745000000000005,58.745000000000005,35.0,1.0,False,False,False,False,True,286.0,41347310.94,170.0,21059626.47,2026.0,0.5093,True
2505501,Vista Serrana,3772,58.6,🟡 Risco Médio,6,79.429,0.132792,0.02,0,1.0,1.0,0.0261683807469681,0.4715,0.832,1.0,0.4162,9.43,24.96,15.0,0.0,4.162,5.0,0.0,0.0,58.552,58.552,35.0,1.0,False,False,False,False,True,80.0,12411710.52,12.0,311804.04,2026.0,0.0251,False
2510501,Olivedos,3675,58.3,🟡 Risco Médio,6,88.2245,0.014946,0.53,0,1.0,1.0,0.0252551965818157,0.9112,0.5374,1.0,0.3945,18.224,16.122,15.0,0.0,3.945,5.0,0.0,0.0,58.291,58.291,35.0,1.0,False,False,False,False,True,50.0,14223865.86,13.0,430000.0,2026.0,0.0302,False
2502102,Boa Ventura,5246,58.3,🟡 Risco Médio,5,97.1945,0.048261,,0,0.8333333333333334,1.0,0.0165685527543428,1.0,0.6207,1.0,0.2167,20.0,18.621,12.5,0.0,2.167,5.0,0.0,0.0,58.288,58.288,35.0,1.0,False,False,False,False,True,205.0,4120363.49,119.0,155716.54,2026.0,0.0378,False
2504355,Caturité,5544,58.3,🟡 Risco Médio,6,102.25,-0.003661,0.08,0,1.0,1.0,0.0232555185187914,1.0,0.4927,1.0,0.3485,20.0,14.781,15.0,0.0,3.485,5.0,0.0,0.0,58.266,58.266,35.0,1.0,False,False,False,False,True,62.0,12531418.77,2.0,60000.0,2026.0,0.0048,False
2516409,Tacima,7794,58.1,🟡 Risco Médio,6,103.478,-0.006701,0.41,0,1.0,1.0,0.0233134622273623,1.0,0.4867,1.0,0.3498,20.0,14.601,15.0,0.0,3.498,5.0,0.0,0.0,58.099,58.099,35.0,1.0,False,False,False,False,True,235.0,21748061.5,123.0,5668087.08,2026.0,0.2606,False
2511103,Pedra Lavrada,6980,57.8,🟡 Risco Médio,6,119.774,0.114073,0.03,5,1.0,1.0,0.0527640947592586,0.5075,0.7852,0.0,0.9075,10.15,23.556,15.0,0.0,9.075,0.0,0.0,0.0,57.781000000000006,57.781000000000006,35.0,1.0,False,False,False,False,True,46.0,10519293.48,6.0,513169.7,2026.0,0.0488,False
2503902,Camalaú,6327,57.7,🟡 Risco Médio,6,80.7685,0.120212,0.13,0,1.0,1.0,0.0208382032706955,0.5384,0.8005,1.0,0.2965,10.768,24.015,15.0,0.0,2.965,5.0,0.0,0.0,57.748000000000005,57.748000000000005,35.0,1.0,False,False,False,False,True,114.0,5117854.89,57.0,864673.89,2026.0,0.169,False
2507804,Junco do Seridó,7019,57.6,🟡 Risco Médio,6,77.118,0.08985,0.34,1,1.0,1.0,0.127853707385854,0.3559,0.7246,0.75,0.9999,7.118,21.738,15.0,0.0,9.999,3.75,0.0,0.0,57.605,57.605,35.0,1.0,False,False,False,False,False,68.0,20035888.56,0.0,0.0,2026.0,0.0,False
2508000,Juru,9380,57.5,🟡 Risco Médio,5,91.7168,0.006631,0.09,0,0.8333333333333334,1.0,0.0276107333750664,1.0,0.5166,1.0,0.4511,20.0,15.498,12.5,0.0,4.511,5.0,0.0,0.0,57.509,57.509,35.0,1.0,False,False,False,False,True,194.0,17564233.09,111.0,7972234.1899999995,2026.0,0.4539,True
2509057,Marcação,9537,57.4,🟡 Risco Médio,6,104.6655,0.004862,0.18,1,1.0,1.0,0.0224148058433157,1.0,0.5122,0.75,0.3299,20.0,15.366,15.0,0.0,3.299,3.75,0.0,0.0,57.415,57.415,35.0,1.0,False,False,False,False,True,58.0,8752765.85,4.0,234808.88,2026.0,0.0268,False
2508208,Lagoa de Dentro,8123,57.3,🟡 Risco Médio,6,89.203,0.039388,1.76,4,1.0,1.0,0.0283363674083386,0.9602,0.5985,0.1,0.4689,19.204,17.955,15.0,0.0,4.689,0.5,0.0,0.0,57.348,57.348,35.0,1.0,False,False,False,False,True,13.0,10187318.9,2.0,56847.4,2026.0,0.0056,False
2503001,Caaporã,21942,57.0,🟡 Risco Médio,6,104.437,0.006382,0.01,5,1.0,1.0,0.035726280729711,1.0,0.516,0.0,0.6532,20.0,15.48,15.0,0.0,6.532,0.0,0.0,0.0,57.012,57.012,35.0,1.0,False,False,False,False,True,148.0,23100613.13,89.0,663981.1799999999,2026.0,0.0287,False
2510907,Paulista,12172,56.9,🟡 Risco Médio,6,131.496,0.07034,0.21,0,1.0,1.0,0.0361601205265413,0.5,0.6758,1.0,0.6608,10.0,20.274,15.0,0.0,6.608,5.0,0.0,0.0,56.882,56.882,35.0,1.0,False,False,False,False,True,101.0,12610158.06,37.0,111920.0,2026.0,0.0089,False
2501153,Areia de Baraúnas,2027,56.4,🟡 Risco Médio,6,86.9095,0.011672,0.39,3,1.0,1.0,0.0386520556654503,0.8455,0.5292,0.3,0.7094,16.91,15.876,15.0,0.0,7.094,1.5,0.0,0.0,56.38,56.38,35.0,1.0,False,False,False,False,True,48.0,7492787.2,0.0,0.0,2026.0,0.0,False
2507903,Juripiranga,10255,56.2,🟡 Risco Médio,6,95.0785,0.194913,0.64,2,1.0,1.0,0.0248403413402847,1.0,0.9873,0.5,0.4465,20.0,14.2023,15.0,0.0,4.465,2.5,0.0,0.0,56.1673,56.1673,400.0,0.4795,False,False,True,False,True,171.0,50622315.02,74.0,1514258.7,2026.0,0.0299,False
2504850,Coxixola,1888,82.9,🔴 Risco Alto,2,100.66,0.27715,,0,0.3333333333333333,0.0,0.0206718262408778,1.0,1.0,1.0,0.2931,20.0,30.0,5.0,20.0,2.931,5.0,0.0,0.0,82.931,82.931,35.0,1.0,False,False,False,False,True,74.0,2520728.47,11.0,80182.36,2026.0,0.0318,False
2506202,Frei Martinho,2911,62.7,🔴 Risco Alto,2,101.0523,0.242092,0.1,0,0.3333333333333333,1.0,0.0195781930412541,1.0,1.0,1.0,0.2713,20.0,30.0,5.0,0.0,2.713,5.0,0.0,0.0,62.713,62.713,35.0,1.0,False,False,False,False,True,55.0,5249846.05,19.0,266715.45,2026.0,0.0508,False
2510006,Nazarezinho,7394,54.6,🔴 Risco Alto,6,76.928,0.187004,0.01,6,1.0,1.0,0.0241114379854217,0.3464,0.9675,0.0,0.3679,6.928,29.025,15.0,0.0,3.679,0.0,0.0,0.0,54.632,54.632,35.0,1.0,False,False,False,False,True,137.0,6449088.5,16.0,257654.3,2026.0,0.04,False
2501005,Araruna,17360,54.5,🔴 Risco Alto,6,106.8995,0.006734,1.93,6,1.0,1.0,0.0291056571813713,0.9367,0.5168,0.0,0.5293,18.734,15.504,15.0,0.0,5.293,0.0,0.0,0.0,54.531,54.531,35.0,1.0,False,False,False,False,True,72.0,12989918.27,1.0,9652488.2,2026.0,0.7431,True
2514701,São José do Sabugi,4283,54.5,🔴 Risco Alto,6,80.752,0.016901,1.13,2,1.0,1.0,0.0834842826044961,0.5376,0.5423,0.5,0.9951,10.752,16.269,15.0,0.0,9.951,2.5,0.0,0.0,54.472,54.472,35.0,1.0,False,False,False,False,False,104.0,6768095.28,44.0,797901.3200000001,2026.0,0.1179,False
2514909,São Mamede,7629,54.0,🔴 Risco Alto,6,73.9305,0.115666,0.72,0,1.0,1.0,0.0356222530589777,0.1965,0.7892,1.0,0.6442,3.93,23.676,15.0,0.0,6.442,5.0,0.0,0.0,54.048,54.048,35.0,1.0,False,False,False,False,True,72.0,23173020.26,1.0,56719.12,2026.0,0.0024,False
2515500,Serra Branca,14131,53.6,🔴 Risco Alto,5,88.27,0.141397,0.33,0,0.8333333333333334,1.0,0.0306085786438906,0.9135,0.8535,1.0,0.5583,18.27,12.2776,12.5,0.0,5.583,5.0,0.0,0.0,53.6306,53.6306,400.0,0.4795,False,False,True,False,True,116.0,11190793.12,9.0,773605.4,2026.0,0.0691,False
2513851,Santo André,2708,53.4,🔴 Risco Alto,6,77.3905,-0.121761,0.01,4,1.0,0.0,0.0152649672907567,0.3695,0.2861,0.1,0.1957,7.39,8.583,15.0,20.0,1.957,0.5,0.0,0.0,53.43,53.43,35.0,1.0,False,False,False,False,True,52.0,2473126.84,23.0,369851.48,2026.0,0.1495,False
2503407,Cacimba de Areia,3344,52.2,🔴 Risco Alto,6,86.055,0.012724,0.05,2,1.0,1.0,0.019425489111001,0.8028,0.5318,0.5,0.2683,16.056,15.954,15.0,0.0,2.683,2.5,0.0,0.0,52.193000000000005,52.193000000000005,35.0,1.0,False,False,False,False,True,33.0,184750.0,0.0,0.0,2026.0,0.0,False
2510402,Olho d'Água,6059,52.1,🔴 Risco Alto,6,89.794,-0.009007,0.76,5,1.0,1.0,0.0201306649188912,0.9897,0.4821,0.0,0.2822,19.794,14.463,15.0,0.0,2.822,0.0,0.0,0.0,52.079,52.079,35.0,1.0,False,False,False,False,True,32.0,2846879.31,1.0,167195.29,2025.0,0.0587,False
2514503,São José de Piranhas,19561,52.1,🔴 Risco Alto,6,78.2525,-0.01655,0.29,0,1.0,1.0,0.0766997461219677,0.4126,0.4674,1.0,0.9786,8.252,14.022,15.0,0.0,9.786,5.0,0.0,0.0,52.06,52.06,35.0,1.0,False,False,False,False,True,164.0,19082918.06,17.0,1072695.64,2026.0,0.0562,False
2503308,Cachoeira dos Índios,9335,52.0,🔴 Risco Alto,6,67.505,0.097657,0.74,0,1.0,1.0,0.0629534032644953,0.0,0.7441,1.0,0.964,0.0,22.323,15.0,0.0,9.64,5.0,0.0,0.0,51.963,51.963,35.0,1.0,False,False,False,False,True,145.0,71363851.10000001,94.0,5909420.3,2026.0,0.0828,False
2510709,Passagem,2580,51.8,🔴 Risco Alto,6,85.898,-0.001264,0.07,1,1.0,1.0,0.0167115286705747,0.7949,0.4975,0.75,0.2191,15.898,14.925,15.0,0.0,2.191,3.75,0.0,0.0,51.764,51.764,35.0,1.0,False,False,False,False,True,63.0,3313030.86,2.0,61750.15,2026.0,0.0186,False
2502052,Bernardino Batista,3677,51.6,🔴 Risco Alto,1,89.94,,0.0,0,0.1666666666666666,0.0,0.0262289382192855,0.997,,1.0,0.4177,19.94,0.0,2.5,20.0,4.177,5.0,0.0,0.0,51.617,51.617,,,False,,,False,True,276.0,25507843.3,119.0,6065589.86,2026.0,0.2378,False
2505279,Curral de Cima,5415,51.4,🔴 Risco Alto,6,111.788,-0.028485,0.01,2,1.0,1.0,0.0301138371021361,0.7737,0.4447,0.5,0.5127,15.474,13.341,15.0,0.0,5.127,2.5,0.0,0.0,51.442,51.442,35.0,1.0,False,False,False,False,True,107.0,10066037.5,49.0,659270.38,2026.0,0.0655,False
2515971,Sobrado,8646,50.8,🔴 Risco Alto,6,106.575,-0.058113,0.11,6,1.0,1.0,0.0299872900657772,0.9475,0.3905,0.0,0.5095,18.95,11.715,15.0,0.0,5.095,0.0,0.0,0.0,50.76,50.76,35.0,1.0,False,False,False,False,True,77.0,11788165.32,5.0,232155.5,2026.0,0.0197,False
2501807,Bayeux,83862,50.7,🔴 Risco Alto,6,93.8815,-0.203767,1.56,4,1.0,1.0,0.0791828545746816,1.0,0.1755,0.1,0.9896,20.0,5.265,15.0,0.0,9.896,0.5,0.0,0.0,50.661,50.661,35.0,1.0,False,False,False,False,True,210.0,104665950.50999999,93.0,1554306.6400000001,2026.0,0.0149,False
2515005,São Miguel de Taipu,7307,50.7,🔴 Risco Alto,5,76.008,0.090679,0.16,0,0.8333333333333334,1.0,0.0310705676262187,0.3004,0.7267,1.0,0.5362,6.008,21.801,12.5,0.0,5.362,5.0,0.0,0.0,50.671,50.671,35.0,1.0,False,False,False,False,True,88.0,7937413.25,41.0,3368948.29,2026.0,0.4244,True
2514206,São José da Lagoa Tapada,7251,50.0,🔴 Risco Alto,2,77.4733,0.156963,0.87,0,0.3333333333333333,1.0,0.0328702157989798,0.3737,0.8924,1.0,0.5799,7.474,26.772,5.0,0.0,5.799,5.0,0.0,0.0,50.045,50.045,35.0,1.0,False,False,False,False,True,203.0,33160720.85,96.0,10621408.18,2026.0,0.3203,True
2508406,Lastro,3316,49.9,🔴 Risco Alto,5,66.5889,0.04997,0.13,2,0.8333333333333334,0.35,0.0216651734081757,0.0,0.6249,0.5,0.3138,0.0,18.747,12.5,13.0,3.138,2.5,0.0,0.0,49.885,49.885,35.0,1.0,False,False,False,False,True,82.0,20612312.07,41.0,4573752.66,2026.0,0.2219,False
2515302,Sapé,53457,49.2,🔴 Risco Alto,6,99.5115,-0.199247,0.45,5,1.0,1.0,0.0520801722549213,1.0,0.1809,0.0,0.8756,20.0,5.427,15.0,0.0,8.756,0.0,0.0,0.0,49.183,49.183,35.0,1.0,False,False,False,False,True,284.0,34480626.36,182.0,24281308.39,2026.0,0.7042,True
2505006,Cubati,7842,48.8,🔴 Risco Alto,6,83.5825,-0.025831,0.14,6,1.0,1.0,0.0367764443684749,0.6791,0.4497,0.0,0.6699,13.582,13.491,15.0,0.0,6.699,0.0,0.0,0.0,48.772,48.772,35.0,1.0,False,False,False,False,True,90.0,19673270.6,7.0,586482.3,2026.0,0.0298,False
2502904,Brejo dos Santos,5816,48.7,🔴 Risco Alto,6,96.579,-0.083288,0.34,6,1.0,1.0,0.022219337270533,1.0,0.3473,0.0,0.3257,20.0,10.419,15.0,0.0,3.257,0.0,0.0,0.0,48.676,48.676,35.0,1.0,False,False,False,False,True,194.0,3859999.95,107.0,1217526.45,2026.0,0.3154,True
2503605,Caiçara,6684,48.7,🔴 Risco Alto,6,78.764,0.032981,1.54,0,1.0,1.0,0.018406539619348,0.4382,0.5825,1.0,0.2491,8.764,17.475,15.0,0.0,2.491,5.0,0.0,0.0,48.73,48.73,35.0,1.0,False,False,False,False,True,83.0,5394394.22,67.0,4939394.22,2026.0,0.9157,True
2512309,Princesa Isabel,21674,48.7,🔴 Risco Alto,6,113.0065,-0.050868,1.33,4,1.0,1.0,0.034917647105717,0.7331,0.4034,0.1,0.6388,14.662,12.102,15.0,0.0,6.388,0.5,0.0,0.0,48.652,48.652,35.0,1.0,False,False,False,False,True,518.0,56152476.24,443.0,22557219.77,2026.0,0.4017,True
2515401,São Vicente do Seridó,10652,48.5,🔴 Risco Alto,5,91.3242,-0.07656,0.57,5,0.8333333333333334,1.0,0.0288741343243234,1.0,0.3586,0.0,0.5248,20.0,10.758,12.5,0.0,5.248,0.0,0.0,0.0,48.50599999999999,48.50599999999999,35.0,1.0,False,False,False,False,True,155.0,12264747.79,90.0,8803198.23,2026.0,0.7178,True
2505352,Damião,5141,48.3,🔴 Risco Alto,4,101.289,0.038906,0.05,0,0.6666666666666666,1.0,0.0284044851554129,1.0,0.5973,1.0,0.4706,20.0,8.5922,10.0,0.0,4.706,5.0,0.0,0.0,48.2982,48.2982,400.0,0.4795,False,False,True,False,True,236.0,6997712.77,143.0,315114.44,2026.0,0.045,False
2507200,Itatuba,10840,47.3,🔴 Risco Alto,4,92.876,0.070508,0.09,2,0.6666666666666666,1.0,0.0279151208654071,1.0,0.6763,0.5,0.5061,20.0,9.7286,10.0,0.0,5.061,2.5,0.0,0.0,47.2896,47.2896,400.0,0.4795,False,False,True,False,True,161.0,11821434.74,71.0,5504978.79,2026.0,0.4657,True
2513802,Santa Teresinha,4492,46.2,🔴 Risco Alto,6,72.472,0.044886,0.04,0,1.0,1.0,0.0311310919755933,0.1236,0.6122,1.0,0.5377,2.472,18.366,15.0,0.0,5.377,5.0,0.0,0.0,46.215,46.215,35.0,1.0,False,False,False,False,True,66.0,2955287.77,5.0,0.0,2026.0,0.0,False
2502003,Belém do Brejo do Cruz,6272,45.4,🔴 Risco Alto,5,78.79,-0.073394,0.04,0,0.8333333333333334,1.0,0.0447257129134035,0.4395,0.364,1.0,0.8163,8.79,10.92,12.5,0.0,8.163,5.0,0.0,0.0,45.373000000000005,45.373000000000005,35.0,1.0,False,False,False,False,True,69.0,6819630.15,0.0,0.0,2026.0,0.0,False
2501302,Aroeiras,19142,45.1,🔴 Risco Alto,6,87.611,-0.135346,0.04,6,1.0,1.0,0.0249385349560377,0.8806,0.2659,0.0,0.4484,17.612,7.977,15.0,0.0,4.484,0.0,0.0,0.0,45.073,45.073,35.0,1.0,False,False,False,False,True,139.0,3524545.0,59.0,464790.0,2026.0,0.1319,False
2511509,Pilar,12889,43.4,🔴 Risco Alto,6,95.5505,-0.107774,0.33,6,1.0,1.0,0.0222172780803793,1.0,0.3077,0.0,0.3967,20.0,4.4263,15.0,0.0,3.967,0.0,0.0,0.0,43.3933,43.3933,400.0,0.4795,False,False,True,False,True,54.0,20239989.47,2.0,879616.0,2026.0,0.0435,False
2500700,São João do Rio do Peixe,18500,43.2,🔴 Risco Alto,5,117.9442,-0.002437,0.04,1,0.8333333333333334,1.0,0.0496080389466136,0.5685,0.4951,0.75,0.8474,11.37,7.122,12.5,0.0,8.474,3.75,0.0,0.0,43.216,43.216,400.0,0.4795,False,False,True,False,True,224.0,101271925.55,128.0,15947653.97,2026.0,0.1575,False
2513307,Santa Helena,6023,43.2,🔴 Risco Alto,6,74.8085,-0.008694,2.35,6,1.0,1.0,0.050517084061997,0.2404,0.4828,0.0,0.8872,4.808,14.484,15.0,0.0,8.872,0.0,0.0,0.0,43.164,43.164,35.0,1.0,False,False,False,False,True,184.0,25218109.830000002,117.0,4528170.7,2026.0,0.1796,False
2506509,Gurjão,3352,41.5,🔴 Risco Alto,3,88.901,0.046608,0.07,1,0.5,1.0,0.0186075668172429,0.945,0.6165,0.75,0.2528,18.9,8.8684,7.5,0.0,2.528,3.75,0.0,0.0,41.5464,41.5464,400.0,0.4795,False,False,True,False,True,72.0,5159101.54,5.0,339126.53,2026.0,0.0657,False
2515203,São Sebastião do Umbuzeiro,3382,41.2,🔴 Risco Alto,1,80.95,0.071244,,0,0.1666666666666666,1.0,0.0179361206810351,0.5475,0.6781,1.0,0.2405,10.95,20.343,2.5,0.0,2.405,5.0,0.0,0.0,41.198,41.198,35.0,1.0,False,False,False,False,True,56.0,10686738.74,11.0,406792.5,2026.0,0.0381,False
2501575,Barra de Santana,8247,39.9,🔴 Risco Alto,6,93.5495,-0.374913,,0,1.0,1.0,0.025258099750416,1.0,0.0313,,0.3946,20.0,0.939,15.0,0.0,3.946,0.0,0.0,0.0,39.885,39.885,35.0,1.0,False,False,False,False,True,134.0,17214964.38,37.0,1346680.0,2026.0,0.0782,False
2516805,Triunfo,10315,38.8,🔴 Risco Alto,3,100.2567,,0.84,1,0.5,1.0,0.042373530829969,1.0,,0.75,0.7597,20.0,0.0,7.5,0.0,7.597,3.75,0.0,0.0,38.847,38.847,,,False,,,False,True,199.0,51650547.97,102.0,7915215.51,2027.0,0.1532,False
2513968,São Domingos,2624,38.1,🔴 Risco Alto,2,73.2808,0.095264,1.32,0,0.3333333333333333,1.0,0.0191421057806893,0.164,0.7382,1.0,0.2629,3.28,22.146,5.0,0.0,2.629,5.0,0.0,0.0,38.055,38.055,35.0,1.0,False,False,False,False,True,117.0,4389672.09,22.0,291128.38,2026.0,0.0663,False
2514008,São João do Cariri,4345,38.1,🔴 Risco Alto,4,101.7271,0.059269,0.14,0,0.6666666666666666,1.0,0.0214801211472468,1.0,0.6482,1.0,0.3099,20.0,0.0,10.0,0.0,3.099,5.0,0.0,0.0,38.099,38.099,766.0,0.0,False,False,True,False,True,146.0,8468729.45,10.0,413715.75,2026.0,0.0489,False
2513984,São Francisco,3176,37.5,🔴 Risco Alto,5,68.449,0.023133,0.0,0,0.8333333333333334,1.0,0.0221244061767434,0.0,0.5578,1.0,0.3236,0.0,16.734,12.5,0.0,3.236,5.0,0.0,0.0,37.47,37.47,35.0,1.0,False,False,False,False,True,250.0,183728296.32,122.0,179048026.7,2026.0,0.9745,True
2508604,Lucena,13088,34.8,⛔ Crítico,6,72.0975,-0.130002,0.46,6,1.0,1.0,0.0641969711396536,0.1049,0.2738,0.0,0.9454,2.098,8.214,15.0,0.0,9.454,0.0,0.0,0.0,34.766000000000005,34.766000000000005,35.0,1.0,False,False,False,False,True,69.0,6512471.82,5.0,1396958.56,2026.0,0.2145,False
2504306,Catolé do Rocha,32288,32.2,⛔ Crítico,3,127.3033,,0.28,0,0.5,1.0,0.0743025935920358,0.5,,1.0,0.9744,10.0,0.0,7.5,0.0,9.744,5.0,0.0,0.0,32.244,32.244,,,False,,,False,True,521.0,132745939.88,249.0,28954542.57,2026.0,0.2181,False
2500734,Amparo,2328,31.5,⛔ Crítico,2,96.92,,,0,0.3333333333333333,1.0,0.0122516600205198,1.0,,1.0,0.1531,20.0,0.0,5.0,0.0,1.531,5.0,0.0,0.0,31.531,31.531,,,False,,,False,True,118.0,23612660.1,40.0,7651774.74,2026.0,0.3241,True
2507606,Juarez Távora,8088,30.7,⛔ Crítico,6,73.2785,-0.054479,1.35,1,1.0,1.0,0.0208793786291528,0.1639,0.397,0.75,0.2974,3.278,5.7108,15.0,0.0,2.974,3.75,0.0,0.0,30.7128,30.7128,400.0,0.4795,False,False,True,False,True,3.0,370102.7,3.0,370102.7,2025.0,1.0,True
2507408,Jericó,7728,29.4,⛔ Crítico,2,64.97,-0.002081,0.42,0,0.3333333333333333,1.0,0.0277774227915842,0.0,0.4958,1.0,0.4552,0.0,14.874,5.0,0.0,4.552,5.0,0.0,0.0,29.426,29.426,35.0,1.0,False,False,False,False,True,201.0,22576320.48,116.0,10752264.59,2026.0,0.4763,True
2502201,Bom Jesus,2328,28.9,⛔ Crítico,2,64.5715,-0.016352,0.0,0,0.3333333333333333,1.0,0.0292006389671498,0.0,0.4678,1.0,0.4902,0.0,14.034,5.0,0.0,4.902,5.0,0.0,0.0,28.936,28.936,35.0,1.0,False,False,False,False,True,182.0,22281483.12,141.0,7955693.5,2026.0,0.3571,True
2514305,São José de Caiana,4966,26.3,⛔ Crítico,3,78.57,,0.48,1,0.5,1.0,0.0358228669424334,0.4285,,0.75,0.6488,8.57,0.0,7.5,0.0,6.488,3.75,0.0,0.0,26.308,26.308,,,False,,,False,True,75.0,4190449.54,0.0,0.0,2026.0,0.0,False
2513208,Santa Cruz,6013,26.0,⛔ Crítico,6,56.5065,-0.094097,1.51,3,1.0,1.0,0.0284611998526571,0.0,0.3295,0.3,0.472,0.0,4.7399,15.0,0.0,4.72,1.5,0.0,0.0,25.9599,25.9599,400.0,0.4795,False,False,True,False,True,129.0,1326737.21,61.0,935390.72,2026.0,0.705,True
2508109,Lagoa,4489,,⚫ Sem Dados,0,,,,0,0.0,1.0,0.0179279023728893,,,,0.2403,,0.0,,0.0,2.403,0.0,0.0,0.0,,,,,False,,,False,True,182.0,6801030.12,122.0,494150.8,2026.0,0.0727,False
2509370,Mato Grosso,2584,,⚫ Sem Dados,1,,,0.79,0,0.1666666666666666,1.0,0.0156310408235662,,,1.0,0.2014,,0.0,2.5,0.0,2.014,5.0,0.0,0.0,,,,,False,,,False,True,211.0,19009803.71,134.0,6847821.9,2026.0,0.3602,True
2510600,Ouro Velho,3000,,⚫ Sem Dados,0,,,,0,0.0,0.0,0.0180631979339483,,,,0.2428,,0.0,,20.0,2.428,0.0,0.0,0.0,,,,,False,,,False,True,92.0,20346412.46,29.0,4643475.67,2026.0,0.2282,False
2501708,Barra de São Miguel,6123,,⚫ Sem Dados,1,,,0.78,1,0.1666666666666666,1.0,0.0248994443379604,,,0.75,0.3862,,0.0,2.5,0.0,3.862,3.75,0.0,0.0,,,,,False,,,False,True,59.0,6928622.4,0.0,0.0,2026.0,0.0,False
2504504,Condado,6629,,⚫ Sem Dados,0,,,,0,0.0,0.0,0.0236249981129302,,,,0.3568,,0.0,,20.0,3.568,0.0,0.0,0.0,,,,,False,,,False,True,196.0,18839553.25,102.0,8502272.81,2026.0,0.4513,True
2512200,Prata,4032,,⚫ Sem Dados,0,,,,0,0.0,0.0,0.0181366688792936,,,,0.2441,,0.0,,20.0,2.441,0.0,0.0,0.0,,,,,False,,,False,True,104.0,5675688.39,3.0,484563.02,2026.0,0.0854,False
2513943,São Domingos do Cariri,2688,,⚫ Sem Dados,0,,,,0,0.0,1.0,0.0233502289571792,,,,0.3506,,0.0,,0.0,3.506,0.0,0.0,0.0,,,,,False,,,False,True,225.0,17594003.61,151.0,7867492.98,2026.0,0.4472,True
2514107,São João do Tigre,4359,,⚫ Sem Dados,0,,,,0,0.0,0.35,0.0215495835423761,,,,0.3114,,0.0,,13.0,3.114,0.0,0.0,0.0,,,,,False,,,False,True,69.0,18441952.89,11.0,334767.2,2026.0,0.0182,False
2514651,São José do Brejo do Cruz,1750,,⚫ Sem Dados,0,,,,0,0.0,0.0,0.0171060497260986,,,,0.2258,,0.0,,20.0,2.258,0.0,0.0,0.0,,,,,False,,,False,True,140.0,13114691.23,55.0,625986.3,2026.0,0.0477,False
2515708,Serra Grande,3056,,⚫ Sem Dados,0,,,,0,0.0,1.0,0.0225738924674981,,,,0.3334,,0.0,,0.0,3.334,0.0,0.0,0.0,,,,,False,,,False,True,64.0,4790768.25,2.0,70782.6,2026.0,0.0148,False
2517407,Zabelê,2323,,⚫ Sem Dados,0,,,,0,0.0,0.1,0.0175009167898875,,,,0.2327,,0.0,,18.0,2.327,0.0,0.0,0.0,,,,,False,,,False,True,54.0,11943761.11,5.0,99991.79999999999,2026.0,0.0084,False
